web_scraper_order,web_scraper_start_url,URL,Title,Ingredients,Preparation time,Conservation time,Level,Benefits
"1768694000-1","https://www.aroma-zone.com/recipes/recipe-list","https://www.aroma-zone.com/recipe/scrub-remineralisant-sel-depsom","Scrub sel d'epsom reminéralisant","~ 50 ml  Poudre d'Amidon de Maïs BIO13 gGlycérine végétale - Emollient10 gPâte à mousse3 gSel d'Epsom23 gFragrance naturelle Aqua'zen1.3 g soit 40 gouttes","Préparation : 10  min","Conservation : ~3 mois*","Niveau : Débutant","Adoucissant"
"1768694036-2","https://www.aroma-zone.com/recipes/recipe-list","https://www.aroma-zone.com/recipe/eye-liner-nacre-noir-brillant","Eye-liner nacré : Noir Brillant","~7 ml   Hydrolat de Bleuet BIO0.9 gGomme Guar BIO0.06 g soit 1 cuillère SMIDGEN Oxyde minéral noir0.6 gMica Brillant effet Paillettes intense1 gConservateur Extrait pépins de pamplemousse0.05 g soit 2 gouttesEau minérale5.8 g","Préparation : 10  min","Conservation : ~2 mois *","Niveau : Avancé","Maquillage"
"1768694066-3","https://www.aroma-zone.com/recipes/recipe-list","https://www.aroma-zone.com/recipe/savon-pour-les-invites-fleuri","Savon pour les invités : fleuri","~ 80 gBase de Savon Melt & Pour à l'Aloe vera BIO79.1 gAbsolue de Jasmin grandiflorum0.6 gMica Cuivre0.04 g soit 1 cuillère SMIDGEN","Préparation : 15  min","Conservation : ~6 mois *","Niveau : Débutant","Peaux normales"
"1768694098-4","https://www.aroma-zone.com/recipes/recipe-list","https://www.aroma-zone.com/recipe/creme-visage-unifiante-et-matifiante-black-beauty","Crème visage Black beauty","~50 ml Phase A Huile de Lys BIO (macérât huileux)2.5 gCaprylis - Emollient5 gOlivem 1000 - émulsifiant3.5 gPhase BHydrolat de Citron BIO10 gEau minérale23.5 gPhase CActif AHA - acides de fruits2.5 gPoudre d'Arrow root BIO3 gFragrance naturelle Mûre sauvage0.5 g soit 18 gouttesConservateur Cosgard0.3 g soit 10 gouttes","Préparation : 25  min","Conservation : ~3 mois *","Niveau : Débutant","Matifiant"
"1768694126-5","https://www.aroma-zone.com/recipes/recipe-list","https://www.aroma-zone.com/recipe/gel-anti-capitons-ananas-et-ginseng","Gel ananas et ginseng anti-capitons","~100 ml  Hydrolat de Verveine odorante BIO84 gGomme Guar BIO1.5 gPoudre d'Ananas10 gLithothamne1 gExtrait de Ginseng1 gConservateur Extrait pépins de pamplemousse0.6 g","Préparation : 20  min","Conservation : ~2 mois *","Niveau : Débutant","Minceur"
"1768694159-6","https://www.aroma-zone.com/recipes/recipe-list","https://www.aroma-zone.com/recipe/baume-respiratoire-aux-17-huiles-essentielles","Baume oxygénant aux 17 huiles essentielles","~ 80 mlBeurre de Kokum40 gHuile de Jojoba BIO32 gHuile essentielle Cajeput BIO0.5 g soit 20 gouttesHuile essentielle Citron de Sicile1.1 g soit 45 gouttesHuile essentielle Girofle clou BIO0.04 g soit 1 goutteHuile essentielle Cyprès toujours vert0.5 g soit 20 gouttesHuile essentielle Eucalyptus radié BIO0.5 g soit 20 gouttesHuile essentielle Lavande fine Altitude AOP Provence0.5 g soit 20 gouttesHuile essentielle Lavandin grosso de Provence BIO0.5 g soit 20 gouttesHuile essentielle Menthe poivrée BIO0.8 g soit 31 gouttesHuile essentielle Niaouli BIO0.5 g soit 20 gouttesHuile essentielle Origan vulgaire BIO0.04 g soit 1 goutteHuile essentielle Pin sylvestre0.5 g soit 20 gouttesHuile essentielle Ravintsara (Ravintsare) BIO0.5 g soit 20 gouttesHuile essentielle Romarin à cinéole BIO0.5 g soit 20 gouttesHuile essentielle Tea tree (Arbre à Thé)0.5 g soit 20 gouttesHuile essentielle Thym à  linalol de Provence BIO0.5 g soit 20 gouttesHuile essentielle Sapin de Sibérie0.5 g soit 20 gouttes","Préparation : 30  min","Conservation : ~6 mois *","Niveau : Débutant","Fraîcheur"
"1768694184-7","https://www.aroma-zone.com/recipes/recipe-list","https://www.aroma-zone.com/recipe/dentifrice-poudre-soin-blancheur","Dentifrice naturel en poudre ""soin blancheur""","~50 ml Carbonate de Calcium (blanc de Meudon)8.8 gGomme Acacia (ou arabique)12 gBicarbonate de Soude (bicarbonate de sodium)1.5 g Actif Charbon végétal activé1.5 gHuile de Coco BIO2.8 gHuile essentielle Citron de Sicile0.1 g soit 4 gouttes","Préparation : 15  min","Conservation : ~6 mois*","Niveau : Débutant","Purifiant"
"1768694215-8","https://www.aroma-zone.com/recipes/recipe-list","https://www.aroma-zone.com/recipe/barriere-antivirale-en-voie-orale","Barrière fortifiante en voie orale","~ 10 ml Huile essentielle Ravintsara (Ravintsare) BIO3 ml (105 gouttes)Huile essentielle Saro BIO/Huile essentielle Citron de Sicile3 ml (105 gouttes)Huile essentielle Laurier noble2 ml (70 gouttes)Huile essentielle Origan compact BIO0.5 ml (17 gouttes)","Préparation : 5  min","Conservation : ~6 mois","Niveau : Débutant",""
"1768694244-9","https://www.aroma-zone.com/recipes/recipe-list","https://www.aroma-zone.com/recipe/poudre-de-bain-apaisante-pour-petit-ange","Poudre de bain apaisante pour petit ange","~150 ml  Poudre d'Avoine colloïdale BIO6 cuillères 15 mlActif Lait d'amande douce BIO (poudre)3 cuillères 15 ml","Préparation : 5  min","Conservation : ~6 mois*","Niveau : Débutant","Adoucissant"
"1768694274-10","https://www.aroma-zone.com/recipes/recipe-list","https://www.aroma-zone.com/recipe/huile-de-massage-jambes-legeres-0","Huile de massage au menthol jambes légères","~100 ml Phase A Actif Menthol en cristaux BIO2 gCaprylis - Emollient81.7 g Phase BHuile de Lentisque de Kabylie9.1 gHuile essentielle Menthe poivrée BIO1.2 g soit 45 gouttesHuile essentielle Cyprès de Provence BIO0.6 g  soit 25 gouttes","Préparation : 10  min","Conservation : ~6 mois*","Niveau : Débutant","Jambes légéres"
"1768694314-11","https://www.aroma-zone.com/recipes/recipe-list","https://www.aroma-zone.com/recipe/baume-au-coco-nourrissant-pour-les-cheveux","Baume au coco nourrissant pour les cheveux","~200 mlPhase A Huile de Coco BIO36.8 gEmulsan - émulsifiant10 gConditionneur végétal10 gPhase BEau minérale133 gPhase CArôme alimentaire naturel Noix de coco6 g Conservateur Cosgard1.2 g soit 42 gouttes","Préparation : 25  min","Conservation : ~3 mois*","Niveau : Débutant","Cheveux frisés ou crépus"
"1768694334-12","https://www.aroma-zone.com/recipes/recipe-list","https://www.aroma-zone.com/recipe/shampoing-vegetal-beaute-des-cheveux","Shampoing végétal beauté des cheveux","Pour 1 shampoingShampoing végétal BIO1 sachet de 25 gHuile de Noix du Brésil BIO3 cuillères 0.5 mlHuile essentielle Lemongrass BIO10 gouttesEau chaude du robinet80 ml","Préparation : 5  min","Conservation : A UTILISER TOUT DE SUITE*","Niveau : Débutant","Beauté capillaire"
"1768694373-13","https://www.aroma-zone.com/recipes/recipe-list","https://www.aroma-zone.com/recipe/gel-coiffant-hydratant-et-protecteur","Gel coiffant hydratant et protecteur","~100 ml Gelée belles boucles acide hyaluronique et graines de lin100 gActif Keratin'protect4.6 gActif Complexe Hydratation Intense3.4 gFragrance naturelle Sublime1 g soit 42 gouttes","Préparation : 5  min","Conservation : ~3 mois","Niveau : Débutant","Beauté capillaire"
"1768694405-14","https://www.aroma-zone.com/recipes/recipe-list","https://www.aroma-zone.com/recipe/masque-capillaire-force-brillance-au-romarin","Masque capillaire force & brillance au Romarin","~100 ml  Phase A Eau minérale56.5 gPhase BConditionneur végétal10 gHuile de Romarin (macérat huileux)27.6 gPhase CFragrance naturelle Douceur d'Orient2.8 gConservateur Cosgard0.6 g soit 20 gouttes","Préparation : 25  min","Conservation : ~3 mois *","Niveau : Confirmé","Beauté capillaire"
"1768694427-15","https://www.aroma-zone.com/recipes/recipe-list","https://www.aroma-zone.com/recipe/serum-pointes-abimees-acide-hyaluronique","Sérum pointes abîmées acide hyaluronique","~30 ml Sérum concentré d'Acide hyaluronique 3,5%30 mlActif Keratin'protect1 cuillère TADActif Protéines de Soie hydrolysées19 gouttesFragrance naturelle Sorbet d'abricot1 goutte","Préparation : 5  min","Conservation : ~1 mois*","Niveau : Débutant","Hydratant"
"1768694465-16","https://www.aroma-zone.com/recipes/recipe-list","https://www.aroma-zone.com/recipe/baume-pour-le-corps-aux-fruits-exotiques","Baume pour le corps aux fruits exotiques","~100 ml Beurre de Karité brut BIO28.3 gBeurre de Mangue BIO25 gHuile de Coco BIO30 gHuile de Carotte BIO (macérât huileux)15 gArôme naturel Fruit de la passion0.5 g	Antioxydant Vitamine E naturelle0.2 g soit 6 gouttes","Préparation : 30  min","Conservation : ~6 mois *","Niveau : Débutant","Nutritif"
"1768694487-17","https://www.aroma-zone.com/recipes/recipe-list","https://www.aroma-zone.com/recipe/trio-de-soins-pour-levres-sublimes-cerise-croquer","Trio de soins pour lèvres sublimes cerise  à croquer","3 pots ~10 mlRouge à lèvresPhase A Base Stick Melt & Pour8 gPhase BFragrance naturelle Cerise exquise0.1 gColorant naturel Rouge Baiser1.5 gBaume à lèvresPhase A Base Stick Melt & Pour5 gPhase BHuile de Cerise BIO1.8 gFragrance naturelle Cerise exquise0.2 gColorant naturel Rouge Baiser0.03 gScrub pour les lèvresPhase A Base Stick Melt & Pour4 gPhase BHuile de Cerise BIO1.8 gFragrance naturelle Cerise exquise0.4 gColorant naturel Rouge Baiser0.05 gSucre en poudre4 g","Préparation : 20  min","Conservation : ~6 mois","Niveau : Avancé","Adoucissant"
"1768694522-18","https://www.aroma-zone.com/recipes/recipe-list","https://www.aroma-zone.com/recipe/kit-sos-cheveux-de-deesse","Kit cheveux de déesse","Pour un pot ~ 120 ml Henné neutre BIO10 gPoudre d'Amla BIO5 gActif Lait de coco en poudre BIO10 gGuimauve en poudre12.5 g","Préparation : 10  min","Conservation : ~6 mois","Niveau : Débutant","Adoucissant"
"1768694555-19","https://www.aroma-zone.com/recipes/recipe-list","https://www.aroma-zone.com/recipe/recette-masque-cheveux-chantilly-lacide-hyaluronique","Recette Masque cheveux chantilly à l'Acide hyaluronique","~100 ml Phase A Huile de Ricin BIO14.4 gConditionneur végétal9.5 gEau minérale75 gPhase BActif Acide hyaluronique naturel0.2 gFragrance naturelle Thé vert à la menthe1.9 g soit 60 gouttesConservateur Cosgard0.6 g soit 19 gouttes","Préparation : 25  min","Conservation : ~3 mois*","Niveau : Avancé","Hydratant"
"1768694586-20","https://www.aroma-zone.com/recipes/recipe-list","https://www.aroma-zone.com/recipe/capilla-de-provence","Capilla de provence","~ 95 mlBase Parfum (alcool 90°)80 mlFragrance naturelle Musc de Provence15 mlHuile essentielle Lavande aspic BIO2 gouttes","Préparation : 10  min","Conservation : ~6 mois","Niveau : Débutant","Parfumant"
"1768694627-21","https://www.aroma-zone.com/recipes/recipe-list","https://www.aroma-zone.com/recipe/huile-de-venus-pour-massage-aphrodisiaque","Huile de Vénus pour massage aphrodisiaque ♀","~70 mlPhase A : Première partie : Réalisation du macérât huileux d'Ashwagandha et de Tulsi à 10% Huile de Pépins de raisin78 gPoudre d'Ashwagandha BIO4.4 gPoudre de Tulsi BIO4.4 gPhase B : Deuxième partie : Réalisation de l'huile de massageMacérât huileux d'Ashwagandha et de Tulsi à 10%  63 gHuile essentielle Menthe citronnée BIO0.4 g soit 15 gouttesHuile essentielle Ylang-Ylang complète BIO0.1 g soit 3 gouttes","Préparation : 5  min","Conservation : ~6 mois *","Niveau : Débutant","Nutritif"
"1768694638-22","https://www.aroma-zone.com/recipes/recipe-list","https://www.aroma-zone.com/recipe/huile-visage-bonne-mine-slow","Huile visage bonne mine Slow","~ 30 mlHuile de Buritile flacon de 10 mlHuile de Framboisele flacon de 10 mlHuile de Carotte BIO (macérât huileux)le flacon de 10 ml","Préparation : 5  min","Conservation : ~6 mois*","Niveau : Débutant","Bonne mine & bronzage"
"1768694708-23","https://www.aroma-zone.com/recipes/recipe-list","https://www.aroma-zone.com/recipe/dentifrice-minute-ayurvedique-siwak-et-iris","Dentifrice solide ""minute"" ayurvédique","1 brossagePoudre de Siwak BIO0.7 gPoudre de Racines d'Iris de Florence1 gCarbonate de Calcium (blanc de Meudon)3 gHuile essentielle Tea tree (Arbre à Thé BIO)0.03 g soit 1 goutteHydrolat de Tea tree BIO4 g","Préparation : 5  min","Conservation : A utiliser tout de suite*","Niveau : Débutant","Purifiant"
"1768694740-24","https://www.aroma-zone.com/recipes/recipe-list","https://www.aroma-zone.com/recipe/blush-creme-peche-ambre","Blush crème Pêche Ambrée","~ 7 mlPhase A Huile de Jojoba BIO0.9 gPhase BEau minérale3.5 gPhase CCire émulsifiante n°3 sans palme0.6 gBase poudre de Maquillage0.7 gBase de teint Rosée0.7 gMica Poudre d'or0.35 gActif Microsphères de silice0.3 gFragrance naturelle Pétales de Rose0.07 g soit 3 gouttesConservateur Cosgard0.05 g soit 2 gouttes","Préparation : 25  min","Conservation : ~3 mois*","Niveau : Avancé","Maquillage"
"1768694770-25","https://www.aroma-zone.com/recipes/recipe-list","https://www.aroma-zone.com/recipe/mousse-coiffante-hydratante-pour-les-cheveux","Mousse coiffante hydratante pour les cheveux","~ 250 ml  Phase A Eau minérale142 gActif Natur'lift8 gPhase BGlycérine végétale - Emollient3.1 gTensioactif Sodium Lauroyl Sarcosinate4.1 gConservateur Cosgard1 g soit 31 gouttes","Préparation : 10  min","Conservation : ~3 mois*","Niveau : Débutant","Hydratant"
"1768694841-26","https://www.aroma-zone.com/recipes/recipe-list","https://www.aroma-zone.com/recipe/boules-de-bain-effervescentes-aux-fruits-exotiques","Boules de bain effervescentes aux fruits exotiques","1 grosse boule ou 3 petites boulesBicarbonate de Soude (bicarbonate de sodium)44.7 gPoudre d'Amidon de Maïs BIO22.4 gAcide citrique22.4 gPoudre d'Urucum BIO1.8 gArôme naturel Fruit de la passion0.7 g soit 24 gouttes","Préparation : 20  min","Conservation : ~6 mois*","Niveau : Avancé",""
"1768694870-27","https://www.aroma-zone.com/recipes/recipe-list","https://www.aroma-zone.com/recipe/bain-de-lait-peaux-fragiles-douceur-de-lait","Bain de lait peaux délicates douceur de lait","Pour 1 bainExtrait de plante Poudre de Riz micronisée BIO10.5 gPoudre d'Avoine colloïdale BIO4 gActif Lait d'ânesse BIO (poudre)0.5 gFragrance naturelle Douceur Lactée0.2 g soit 8 gouttes","Préparation : 5  min","Conservation : ~3 mois *","Niveau : Débutant","Adoucissant"
"1768694899-28","https://www.aroma-zone.com/recipes/recipe-list","https://www.aroma-zone.com/recipe/talc-largile-rose-pour-les-petits","Talc à l'argile rose pour les petits","~ 20 gArgile rose surfine2.5 gArgile blanche surfine (Kaolin)5 gExtrait de plante Poudre de Riz micronisée BIO10.5 gActif Lait d'ânesse BIO (poudre)0.8 gFragrance naturelle Douceur Lactée0.1 g soit 4 gouttes","Préparation : 5  min","Conservation : ~3 mois*","Niveau : Débutant","Protecteur & émollient"
"1768694930-29","https://www.aroma-zone.com/recipes/recipe-list","https://www.aroma-zone.com/recipe/gel-nettoyant-visage-aromatherapie","Gel nettoyant visage Aromathérapie","~ 200 ml   Gel nettoyant doux Prébiotique, Zinc & Concombre200 gHuile essentielle Lavande aspic BIO0,2 g soit 6 gouttesActif Urée10 g","Préparation : 10  min","Conservation : 3 mois*","Niveau : Débutant","Apaisant"
"1768694960-30","https://www.aroma-zone.com/recipes/recipe-list","https://www.aroma-zone.com/recipe/creme-bebe-visage-et-corps","Crème bébé visage et corps","~100 ml Crème à tout faire100 ml (soit 1 pot de 100 ml)Huile de Calendula BIO (macérât huileux)5 mlHuile d'Amande douce BIO5 ml","Préparation : 5  min","Conservation : ~3 mois*","Niveau : Débutant","Adoucissant"
"1768694990-31","https://www.aroma-zone.com/recipes/recipe-list","https://www.aroma-zone.com/recipe/huile-defatiguante-contour-des-yeux-slow","Huile défatigante contour des yeux slow","~ 30 mlHuile de Son riz BIOLe flacon de 10 mlHuile végétale Carthame BIO Linoléique10 mlHuile de Calophylle inophyle BIOLe flacon de 10 ml","Préparation : 5  min","Conservation : ~6 mois","Niveau : Débutant",""
"1768695019-32","https://www.aroma-zone.com/recipes/recipe-list","https://www.aroma-zone.com/recipe/huile-barbe-acceleratrice-de-pousse","Huile à barbe ""accélératrice de pousse""","~30 ml Huile d'Argan BIO1 cuillère à soupe (soit 1 dosette de 10 ml)Huile de Jojoba BIO1 cuillère à soupe (soit 1 dosette de 10 ml)Dry Touch - Agent de toucher1 cuillère à soupeHuile essentielle Menthe poivrée BIO6 gouttes","Préparation : 5  min","Conservation : ~6 mois*","Niveau : Débutant","Nutritif"
"1768695051-33","https://www.aroma-zone.com/recipes/recipe-list","https://www.aroma-zone.com/recipe/gel-lavant-pour-peaux-mixtes","Gel lavant pour peaux mixtes","~100 ml Base lavante neutre sans palme101 gActif MSM biosourcé3.2 gActif Bacti-Pur1.1 g soit 38 gouttesArôme naturel Abricot1,1 g soit 58 gouttes","Préparation : 15  min","Conservation : ~ 3 mois","Niveau : Débutant","Purifiant"
"1768695081-34","https://www.aroma-zone.com/recipes/recipe-list","https://www.aroma-zone.com/recipe/gel-douche-optimistic-abricot-orange","Gel douche maison ""Optimistic"" abricot & orange","~ 250 ml  Phase A Tensioactif Base Consistance sans palme52.5 gTensioactif Mousse de Sucre sans palme12 gPhase BEau minérale49.8 gHydrolat de Citron BIO30 gPhase CArôme naturel Abricot1.5 gHuile essentielle Orange douce1.5 gAcide lactique1.5 gPoudre d'Urucum BIO0.3 gConservateur Cosgard0.9 g","Préparation : 15  min","Conservation : ~1 mois *","Niveau : Avancé","Adoucissant"
"1768695109-35","https://www.aroma-zone.com/recipes/recipe-list","https://www.aroma-zone.com/recipe/spray-hydro-nutritif-bi-phase-au-ricin","Spray hydro-nutritif bi-phase au Ricin","~ 30 mlHuile de Ricin BIO2 cuillères à caféHuile de Kukui2 cuillères à caféEau minérale3 cuillères à café","Préparation : 5  min","Conservation : ~2 semaines au réfrigérateur*","Niveau : Débutant","Beauté capillaire"
"1768695144-36","https://www.aroma-zone.com/recipes/recipe-list","https://www.aroma-zone.com/recipe/lait-apres-soleil-pepites-dor","Lait après-soleil pépites d'or","~100 ml  Actif Oligo'bronz4.6 gMica Poudre d'or1 gFragrance naturelle Monoï1 g","Préparation : 5  min","Conservation : ~3 mois*","Niveau : Débutant","Adoucissant"
"1768695169-37","https://www.aroma-zone.com/recipes/recipe-list","https://www.aroma-zone.com/recipe/coloration-vegetale-au-henne-et-brou-de-noix","Coloration végétale au henné et brou de noix reflets cuivrés","Pour 1 coloration Henné d'Egypte - Colorant capillaire végétal14 gBrou de noix - Colorant capillaire végétal14 gEau chaude du robinet72 g","Préparation : 10  min","Conservation : A utiliser de suite*","Niveau : Débutant","Tous types de cheveux"
"1768695199-38","https://www.aroma-zone.com/recipes/recipe-list","https://www.aroma-zone.com/recipe/baume-protecteur-grand-froid-pour-les-mains-les-pieds","Baume  ""grand froid"" pour les mains & les pieds","~50 ml Phase A Beurre de Karité (sauvage) désodorisé27 gCire de Soja en pastilles (non OGM)4.8 gHuile d'Amande douce BIO18.4 gAbsolue de Fève de Tonka0.05 g soit 1 cuillère DROPPhase BAbsolue de Baume du Pérou0.05 g soit 1 cuillère DROPExtrait CO2 Calendula BIO0.15 g soit 1 cuillère SMIDGENArôme naturel Abricot0.5 g soit 15 gouttes","Préparation : 30  min","Conservation : ~6 mois*","Niveau : Avancé","Nutritif"
"1768695230-39","https://www.aroma-zone.com/recipes/recipe-list","https://www.aroma-zone.com/recipe/poudre-libre-glowy-snow","Poudre libre glowy snow","~5 mlMica Brillant effet Paillettes intense2.5 gMica Blanc brillant1.2 g","Préparation : 15  min","Conservation : ~6 mois","Niveau : Débutant","Maquillage"
"1768695259-40","https://www.aroma-zone.com/recipes/recipe-list","https://www.aroma-zone.com/recipe/serum-purifiant-niacinamide-zinc-et-tea-tree","Recette sérum purifiant niacinamide, zinc et tea tree","~30 ml Sérum concentré Niacinamide 10%, Cuivre & Zinc30 mlHuile essentielle Tea tree (Arbre à Thé BIO)1 goutte","Préparation : 5  min","Conservation : ~1 mois*","Niveau : Débutant","Purifiant"
"1768695289-41","https://www.aroma-zone.com/recipes/recipe-list","https://www.aroma-zone.com/recipe/apres-shampooing-creme-demelant","Après-shampoing crème démêlant","~100 ml Phase A Huile de Jojoba BIO10 mlConditionneur végétal3 pelles 5 mlPhase BEau minérale80 mlPhase CActif Phyto'liss2 ml soit 1 cuillère 2 mlConservateur Cosgard20 gouttes","Préparation : 25  min","Conservation : ~3 mois*","Niveau : Débutant","Conditionneur capillaire"
"1768695319-42","https://www.aroma-zone.com/recipes/recipe-list","https://www.aroma-zone.com/recipe/gel-douche-hygiene-intime-la-fleur-doranger-tea-tree","Gel douche hygiène intime à la fleur d'oranger & tea tree","~ 250 ml  Phase A Tensioactif Base Consistance sans palme30 gTensioactif Mousse de Sucre sans palme7.5 gTensioactif Douceur de coco7.5 gPhase BHydrolat de Fleurs d'oranger BIO103.2 gAcide citrique0.6 gPhase CHuile essentielle Tea tree (Arbre à Thé)0.3 gConservateur Cosgard0.9 g","Préparation : 15  min","Conservation : ~6 mois *","Niveau : Avancé","Purifiant"
"1768695349-43","https://www.aroma-zone.com/recipes/recipe-list","https://www.aroma-zone.com/recipe/eau-sensuelle-vanille-tonka","Eau sensuelle vanille & tonka","~ 50 ml  Base Parfum (alcool 90°)35.3 gAbsolue de Fève de Tonka0.04 g soit 1 cuillère DROPFragrance naturelle Divine Vanille4.5 g Fragrance naturelle Body butter1.7 g soit 60 gouttes","Préparation : 10  min","Conservation : ~6 mois*","Niveau : Débutant","Parfumant"
"1768695381-44","https://www.aroma-zone.com/recipes/recipe-list","https://www.aroma-zone.com/recipe/lotion-hydratation-pour-masque-en-tissu","Lotion ""hydratation"" pour masque en tissu","~30 ml Hydrolat de Lavande aspic de Provence BIO27 gActif Urée3 gActif Acide hyaluronique naturel0.06 g soit 1 cuillère PINCHConservateur Cosgard0.2 g soit 6 gouttes","Préparation : 20  min","Conservation : ~3 mois*","Niveau : Débutant","Adoucissant"
"1768695409-45","https://www.aroma-zone.com/recipes/recipe-list","https://www.aroma-zone.com/recipe/creme-apaisante-anti-demangeaisons-lavande-tanaisie","Crème aux huiles essentielles de Lavande & Tanaisie apaisantes","~30 ml Phase A - Première partie : Réalisation du macérât  huileux de Feuilles de Sidr et d'Ashwagandha à 10% Huile d'Amande douce BIO9 gPoudre de Sidr BIO0.5 gPoudre d'Ashwagandha BIO0.5 gPhase B - Deuxième partie : Réalisation de la crèmeMacérât huileux de Sidr et d'Ashwagandha3 gCire émulsifiante Olive Douceur1.8 gPhase CEau minérale19.6 gActif cosmétique Lait d'amande douce BIO (poudre)3 gPhase DHuile de Cameline BIO1.5 gHuile essentielle Lavande fine Altitude AOP Provence0.1 g soit 4 gouttesHuile essentielle Tanaisie annuelle BIO (ou Camomille bleue)0.1 g soit 4 gouttesAntioxydant Vitamine E naturelle0.06 g soit 2 gouttesConservateur Leucidal0.9 g soit 20 gouttes","Préparation : 25  min","Conservation : ~1 mois *","Niveau : Avancé","Apaisant"
"1768695441-46","https://www.aroma-zone.com/recipes/recipe-list","https://www.aroma-zone.com/recipe/soin-coiffant-hydratant-pour-enfant-cheveux-boucles-et-frises","Soin coiffant hydratant pour enfant cheveux bouclés et frisés","~100 ml Gel natif d'Aloe Vera BIO1 flacon 100 mlHuile de Coco BIO½ dosette 10 ml","Préparation : 5  min","Conservation : ~1 mois*","Niveau : Débutant","Beauté capillaire"
"1768695469-47","https://www.aroma-zone.com/recipes/recipe-list","https://www.aroma-zone.com/recipe/huile-de-massage-instant-relax","Huile de massage ""instant relax""","~100 ml Huile d'Amande douce BIO95 mlHuile essentielle Mandarine jaune50 gouttesHuile essentielle Petitgrain Bigarade BIO45 gouttes","Préparation : 5  min","Conservation : ~6 mois*","Niveau : Débutant","Apaisant"
"1768695501-48","https://www.aroma-zone.com/recipes/recipe-list","https://www.aroma-zone.com/recipe/gel-mains-purifiant-sans-rincage","Gel mains sans rinçage au tea tree et citron purifiants","~ 15 mlPhase A Dispersant Disper1.2 gHuile essentielle Tea tree (Arbre à Thé)0.1 g soit 3 gouttesHuile essentielle Saro BIO0.08 g soit 3 gouttesHuile essentielle Citron sans furocoumarines de Sicile BIO0.08 g soit 3 gouttesPhase BGel natif d'Aloe Vera BIO13.5 g","Préparation : 10  min","Conservation : ~3 mois*","Niveau : Débutant","Purifiant"
"1768695531-49","https://www.aroma-zone.com/recipes/recipe-list","https://www.aroma-zone.com/recipe/recette-mousse-dessert-pour-le-corps-barbe-papa","Crème de soin mousseuse pour le corps Barbe à papa","~200 mlPhase A Huile de Cerise BIO13.7 gCire émulsifiante n°23.5 gPhase BEau minérale50 gPhase CColorant naturel Rouge grenadine0.4 g soit 12 gouttesFragrance naturelle Sweet candy2 g soit 74 gouttesConservateur Cosgard0.4 g soit 14 gouttes","Préparation : 25  min","Conservation : ~1 mois*","Niveau : Avancé","Adoucissant"
"1768695560-50","https://www.aroma-zone.com/recipes/recipe-list","https://www.aroma-zone.com/recipe/huile-seche-sublimatrice-cheveux-pour-homme","Huile sèche sublimatrice cheveux","~100 ml  Phase A Dry Touch - Agent de toucher65 mlHuile de Jojoba BIO5 mlFragrance naturelle Mysore2 ml soit 70 gouttesPhase BCaprylis - Emollient28 ml","Préparation : 10  min","Conservation : ~6 mois*","Niveau : Débutant","Beauté capillaire"
"1768695589-51","https://www.aroma-zone.com/recipes/recipe-list","https://www.aroma-zone.com/recipe/lotion-purifiante-et-reequilibrante","Lotion purifiante et rééquilibrante","~100 ml Hydrolat de Genévrier BIO60 gHydrolat de Thym à  linalol BIO29 gActif Acide salicylique végétal5.4 gActif Algo'Zinc5 gConservateur Cosgard0.6 g soit 20 gouttes","Préparation : 5  min","Conservation : ~3 mois*","Niveau : Débutant","Détox"
"1768695619-52","https://www.aroma-zone.com/recipes/recipe-list","https://www.aroma-zone.com/recipe/masque-capillaire-anti-age","Masque capillaire anti-âge","1 masque Poudre de Nagarmotha BIO4.5 gPoudre d'Amla BIO5.4 gPoudre de Bhringaraj4.8 gEau minérale43 gExtrait de Ginseng0.6 gHuile essentielle Gingembre BIO0.1 g","Préparation : 5  min","Conservation : A utiliser tout de suite*","Niveau : Débutant","Anti-âge"
"1768695649-53","https://www.aroma-zone.com/recipes/recipe-list","https://www.aroma-zone.com/recipe/boules-de-bain-effervescentes-candy","Boules de bain effervescentes ""candy""","1 boule ou 3 petites boulesPhase A Bicarbonate de Soude (bicarbonate de sodium)55 gAcide citrique31 gFragrance naturelle Sweet candy2.9 gPhase BColorant naturel Rouge Baiser1 g soit 30 gouttes","Préparation : 20  min","Conservation : ~6 mois*","Niveau : Avancé",""
"1768695679-54","https://www.aroma-zone.com/recipes/recipe-list","https://www.aroma-zone.com/recipe/pate-gommante-peau-douce-slow-labricot","Pâte gommante peau douce slow à l'abricot","~ 25 gArgile rose surfine12 gExfoliant Poudre noyaux d'abricot BIO1.5 gEau minérale10 gHuile d'Abricot BIO0.9 g","Préparation : 10  min","Conservation : A utiliser tout de suite*","Niveau : Débutant","Adoucissant"
"1768695710-55","https://www.aroma-zone.com/recipes/recipe-list","https://www.aroma-zone.com/recipe/soin-anti-poils-incarnes-lavande-camomille","Soin peau douce Lavande & Camomille","~100 ml Actif Acide salicylique végétal30 gouttesActif Urée4 cuillères 2 mlHuile essentielle Lavande fine AOP de Haute Provence BIO11 gouttesHuile essentielle Camomille allemande BIO (ou Matricaire)3 gouttes","Préparation : 5  min","Conservation : ~ 3 mois","Niveau : Débutant","Tous types de peaux"
"1768695739-56","https://www.aroma-zone.com/recipes/recipe-list","https://www.aroma-zone.com/recipe/composition-diffuser-instant-calin","Recette maison composition d'huiles essentielles à diffuser ""Instant câlin""","Pour un flacon 10 ml Huile essentielle Ylang-Ylang complète BIO2.5 mlHuile essentielle Gingembre BIO35 gouttesHuile essentielle Pamplemousse BIO6.5 ml","Préparation : 5  min","Conservation : ~6 mois","Niveau : Débutant",""
"1768695769-57","https://www.aroma-zone.com/recipes/recipe-list","https://www.aroma-zone.com/recipe/savon-la-lavande-purifiante","Savon à la lavande purifiante","~ 60 gBase de Savon Melt & Pour à l'Aloe vera BIO1/8 ème de pain (60 g)Huile de Nigelle BIO (Cumin noir)2 mlHuile essentielle Lavande vraie de Bulgarie BIO35 gouttesHuile essentielle Tea tree (Arbre à Thé BIO)5 gouttesOxyde minéral bleu2 cuillères 0.05 ml","Préparation : 15  min","Conservation : ~6 mois","Niveau : Débutant","Purifiant"
"1768695799-58","https://www.aroma-zone.com/recipes/recipe-list","https://www.aroma-zone.com/recipe/huile-seche-pailletee-ambre-or","Huile sèche pailletée Ambre & Or","~50 ml Phase A Huile sèche aux huiles précieuses BIO48 ml (soit 43 g)Cire Cera Bellina2 cuillères DASH (soit 0.6 g)Phase BMica Noisette scintillant1 cuillères TAD (soit 0.4 g)Mica Poudre d'or1 cuillères TAD (soit 0.4 g)Fragrance naturelle Sable des îles25 gouttes (soit 0.8 g)","Préparation : 15  min","Conservation : ~6 mois*","Niveau : Débutant","Adoucissant"
"1768695829-59","https://www.aroma-zone.com/recipes/recipe-list","https://www.aroma-zone.com/recipe/tonique-energetique-pour-lutter-contre-les-coups-de-pompe-aux-huiles-essentielles","Tonique énergétique pour lutter contre les coups de pompe aux huiles essentielles","~ 5 mlHuile essentielle Epinette noire BIO20 gouttesHuile essentielle Menthe poivrée BIO10 gouttesHuile essentielle Basilic sacré BIO10 gouttesHuile de Jojoba BIO4 ml","Préparation : 5  min","Conservation : ~6 mois*","Niveau : Débutant",""
"1768695859-60","https://www.aroma-zone.com/recipes/recipe-list","https://www.aroma-zone.com/recipe/gel-douche-orange-mandarine-cardamome","Gel douche Orange, Mandarine & Cardamome","~ 200 ml   Phase A Eau minérale86 g Poudre d'Urucum BIO0.8 g Phase BTensioactif Base douceur80 g Tensioactif Douceur de coco10 g Tensioactif Mousse de Sucre sans palme20 gPhase CHuile essentielle Mandarine rouge de Sicile BIO1 gHuile essentielle Orange douce0.8 gHuile essentielle Cardamome BIO 0.1 g soit 3 gouttesConservateur Cosgard1.2 g","Préparation : 15  min","Conservation : ~3 mois","Niveau : Débutant","Tous types de peaux"
"1768695889-61","https://www.aroma-zone.com/recipes/recipe-list","https://www.aroma-zone.com/recipe/creme-onctueuse-pour-le-corps-au-mimosa","Crème onctueuse pour le corps au Mimosa","~100 ml Phase A Eau minérale68 gPhase BHuile de Coton BIO18 gEmulsan - émulsifiant10 gAbsolue de fleurs de Mimosa0,2 gPhase CConservateur Leucidal4 g","Préparation : 25  min","Conservation : ~3 mois","Niveau : Débutant","Adoucissant"
"1768695919-62","https://www.aroma-zone.com/recipes/recipe-list","https://www.aroma-zone.com/recipe/serum-soin-du-visage-lhuile-dargan","Sérum visage à l'huile d'Argan","~30 ml Huile essentielle au choix (Bois de Hô ou Géranium Égypte ou Palmarosa)10 gouttesActif au choix (Coenzyme Q10 ou Bisabolol)5 gouttesHuile d'Argan BIO30 ml","Préparation : 5  min","Conservation : ~6 mois*","Niveau : Débutant","Adoucissant"
"1768695952-63","https://www.aroma-zone.com/recipes/recipe-list","https://www.aroma-zone.com/recipe/baume-apaisant-apres-soleil-au-cypres-bleu","Baume après-soleil au cyprès bleu apaisant","~50 ml Beurre de Karité (sauvage) désodorisé25.2 gHuile de Calendula BIO (macérât huileux)9.2 gHuile d'Amande douce BIO9.2 gHuile essentielle Cyprès bleu0.4 gFragrance naturelle Body butter0.4 g soit 16 gouttesActif Bisabolol BIO0.25 gAntioxydant Vitamine E naturelle0.1 g soit 4 gouttes","Préparation : 25  min","Conservation : ~3 mois *","Niveau : Débutant","Apaisant"
"1768695979-64","https://www.aroma-zone.com/recipes/recipe-list","https://www.aroma-zone.com/recipe/roll-deodorant-fleur-de-coton","Roll-on déodorant fleur de coton","~ 50 ml  Gel natif d'Aloe Vera BIO46 gActif Pierre d'alun en poudre1 gHuile de Coton BIO4.6 gFragrance naturelle Fleur de Coton0.8 g soit 28 gouttes","Préparation : 10  min","Conservation : ~ 3 mois*","Niveau : Débutant","Tous types de peaux"
"1768696010-65","https://www.aroma-zone.com/recipes/recipe-list","https://www.aroma-zone.com/recipe/baume-nourrissant-apaisant-le-corps","Baume nourrissant et apaisant pour le corps","~100 ml  Phase A Beurre de Karité de Guinée BIO93,5 gActif cosmétique Phys'apaise1 gPhase BActif Bisabolol BIO0,5 g soit 17 gouttesActif Squalane végétal d'Olive5 g","Préparation : 25  min","Conservation : ~6 mois*","Niveau : Débutant","Apaisant"
"1768696039-66","https://www.aroma-zone.com/recipes/recipe-list","https://www.aroma-zone.com/recipe/creme-moussante-pour-les-mains-charlotte-aux-fraises","Crème moussante pour les mains Charlotte aux fraises","~250 mlPhase A Emulsifiant BTMS20 gEau minérale115 gTensioactif Sodium Lauroyl Sarcosinate60 gGomme Xanthane2 gPhase BMica Cuivre0.2 g soit 1 cuillère PINCHFragrance naturelle Charlotte aux Fraises1.7 gConservateur Cosgard1.2 g soit 40 gouttesAcide lactique0.7 g soit 20 gouttes","Préparation : 25  min","Conservation : ~3 mois *","Niveau : Avancé",""
"1768696070-67","https://www.aroma-zone.com/recipes/recipe-list","https://www.aroma-zone.com/recipe/coffee-scrub","Exfoliant pour le corps Coffee","~100 ml Phase A Beurre de Karité (sauvage) désodorisé49.5 gHuile de Noisette BIO13.7 gTensioactif Mousse de Sucre sans palme22.2 gPhase BExfoliant Poudre fèves de café8 g","Préparation : 15  min","Conservation : ~6 mois","Niveau : Débutant","Adoucissant"
"1768696101-68","https://www.aroma-zone.com/recipes/recipe-list","https://www.aroma-zone.com/recipe/demelant-vegetal-a-la-poudre-de-lalo","Démêlant végétal à la poudre de Lalo","Pour 1 utilisationPhase A Extrait de plante Poudre de Lalo BIO4,5 gGuimauve en poudre10 gPhase BEau chaude du robinet43 gPhase CHuile de Ximenia BIO2 gHuile essentielle Lemongrass BIO0,3 g (soit 10 gouttes)","Préparation : 5  min","Conservation : A utiliser tout de suite*","Niveau : Débutant","Tous types de cheveux"
"1768696131-69","https://www.aroma-zone.com/recipes/recipe-list","https://www.aroma-zone.com/recipe/masque-peel-hydratant","Masque peel-off hydratant","Pour 1 masque  Masque Peel-Off aux alginates marins 15G1 sachet de 15 gActif Complexe Hydratation Intense10 gouttesActif Protéines de Riz hydrolysées10 gouttesEau de source faiblement minéralisée45 ml","Préparation : 10  min","Conservation : A utiliser de suite","Niveau : Débutant","Adoucissant"
"1768696161-70","https://www.aroma-zone.com/recipes/recipe-list","https://www.aroma-zone.com/recipe/creme-de-nuit-jeunesse","Crème de nuit "" jeunesse ""","~50 ml Crème à tout faire50 ml (soit 1/2 pot de 100 ml)Actif Algo'boost Jeunesse40 gouttesExtrait de bourgeons de hêtre BIO36 gouttesHuile d'Argan BIO1.5 mlHuile essentielle Bois de Hô BIO17 gouttes","Préparation : 10  min","Conservation : ~3 mois","Niveau : Débutant","Anti-âge"
"1768696191-71","https://www.aroma-zone.com/recipes/recipe-list","https://www.aroma-zone.com/recipe/elixir-jour-et-nuit-aux-huiles-nourrissantes","Elixir jour et nuit aux huiles nourrissantes","~ 30 mlHuile d'Avocat BIOle flacon de 10 mlHuile d'Amande douce BIOle flacon de 10 mlHuile de Germes de bléle flacon de 10 ml","Préparation : 5  min","Conservation : ~6 mois","Niveau : Débutant","Nutritif"
"1768696219-72","https://www.aroma-zone.com/recipes/recipe-list","https://www.aroma-zone.com/recipe/creme-de-coiffage-effet-curly","Crème de coiffage effet curly","~100 ml Masque capillaire100 gHuile de Piqui BIO5.5 gActif Fucocert5 gFragrance naturelle Pomme d'Happy1.2 g","Préparation : 15  min","Conservation : ~3 mois","Niveau : Débutant","Conditionneur capillaire"
"1768696249-73","https://www.aroma-zone.com/recipes/recipe-list","https://www.aroma-zone.com/recipe/galet-de-massage-instant-cocoon","Recette maison galet de massage ""instant cocoon""","~50 g Beurre de Cacao blanc pastilles BIO50 g (soit ½ pot de 100 g)Fragrance naturelle Fleur de Coton20 gouttes","Préparation : 15  min","Conservation : ~6 mois*","Niveau : Débutant","Adoucissant"
"1768696282-74","https://www.aroma-zone.com/recipes/recipe-list","https://www.aroma-zone.com/recipe/soin-tenseur-et-anti-age-visage-laloe-vera","Soin  jeunesse du visage à l'Aloe Vera","~30 ml Gel natif d'Aloe Vera BIO24 gActif Acide hyaluronique naturel0.1 gHydrolat de Rose de Mai BIO4.5 gHuile de Prune Gascogne BIO1.2 g","Préparation : 20  min","Conservation : ~1 mois à température ambiante ou ~3 mois au réfrigérateur*","Niveau : Débutant","Anti-âge"
"1768696313-75","https://www.aroma-zone.com/recipes/recipe-list","https://www.aroma-zone.com/recipe/creme-visage-peaux-mixtes-grasses-deshydratees-secret-du-desert","Crème visage ""secret du désert"" pour peaux mixtes à grasses","~30 ml Phase A Huile de Dattier du Désert BIO6 g Olivem 1000 - émulsifiant2 gPhase BEau minérale11 gHydrolat de Rose de Damas BIO9 gPoudre d'Arrow root BIO0.3 gPhase CGelée Royale lyophilisée BIO0.6 gActif Complexe Hydratation Intense0.9 gFragrance naturelle Trésor ambré0.3 g soit 11 gouttesConservateur Extrait pépins de pamplemousse0.2 g soit 6 gouttes","Préparation : 30  min","Conservation : ~1 mois au réfrigérateur*","Niveau : Débutant","Anti-âge"
"1768696339-76","https://www.aroma-zone.com/recipes/recipe-list","https://www.aroma-zone.com/recipe/deodorant-apaisant-pour-peaux-sensibles","Déodorant apaisant pour peaux sensibles","~50 ml Déodorant nature sans parfum50 ml soit 1 flaconActif Allantoïne1.5 cuillères de 0.5 mlActif cosmétique Skin repair0,87 g","Préparation : 5  min","Conservation : ~ 3 mois*","Niveau : Débutant","Adoucissant"
"1768696372-77","https://www.aroma-zone.com/recipes/recipe-list","https://www.aroma-zone.com/recipe/elixir-revelateur-de-jeunesse-lhuile-de-bourrache","Elixir révélateur de jeunesse à l'huile de bourrache","~ 30 mlHuile de soin Bourrache de France BIO1 flacon de 30 mlActif Coenzyme Q1036 gouttesHuile essentielle Linaloe baies7 gouttes","Préparation : 5  min","Conservation : ~6 mois*","Niveau : Débutant","Anti-âge"
"1768696401-78","https://www.aroma-zone.com/recipes/recipe-list","https://www.aroma-zone.com/recipe/eau-de-toilette-sensuelle-enivrante-pour-elle","Eau de toilette sensuelle & enivrante pour elle","~50 ml Base Parfum (alcool 90°)37 gHuile essentielle Gingembre BIO0.2 g soit 7 gouttesHuile essentielle Pamplemousse sans furocoumarines BIO1.6 g soit 66 gouttesHuile essentielle Baies Roses0.3 g soit 12 gouttesAbsolue de Baume du Pérou0.05 g soit ½ cuillère DROP Fragrance naturelle Body butter0.85 g soit 35 gouttes","Préparation : 15  min","Conservation : ~6 mois","Niveau : Débutant","Parfumant"
"1768696429-79","https://www.aroma-zone.com/recipes/recipe-list","https://www.aroma-zone.com/recipe/gommage-visage-douceur-poire-amandine","Gommage visage douceur de Poire amandine","~50 ml Phase A Huile de Macadamia29 gPhase BTensioactif Sodium Lauroyl Sarcosinate15 gPhase CPoudre d'Amande5 g","Préparation : 15  min","Conservation : ~3 mois*","Niveau : Débutant","Adoucissant"
"1768696465-80","https://www.aroma-zone.com/recipes/recipe-list","https://www.aroma-zone.com/recipe/baume-nourrissant-pour-les-cheveux-baobab-mangue","Baume nourrissant pour les cheveux baobab & mangue","~50 ml Beurre de Mangue BIO8.1 gBeurre de Karité (sauvage) désodorisé18 gHuile de Baobab BIO8.2 gHuile de Pépins de raisin6.4 gHuile de Ricin BIO6.7 gAntioxydant Vitamine E naturelle0.1 g soit 4 gouttes","Préparation : 25  min","Conservation : ~6 mois*","Niveau : Débutant","Nutritif"
"1768696489-81","https://www.aroma-zone.com/recipes/recipe-list","https://www.aroma-zone.com/recipe/soin-scintillant-pour-les-levres","Soin scintillant pour les lèvres","~ 10 ml Huile de Ricin BIO2 cuillères à caféHuile de Sésame BIO1 cuillère à caféFragrance naturelle Baby Doll3 gouttesMica Noisette scintillant1 cuillère de 0.5 ml","Préparation : 5  min","Conservation : ~6 mois*","Niveau : Débutant","Maquillage"
"1768696521-82","https://www.aroma-zone.com/recipes/recipe-list","https://www.aroma-zone.com/recipe/creme-purifiante-au-thym-mains-pieds","Crème mains & pieds au thym purifiant","~100 ml Phase A Olivem 1000 - émulsifiant5 gEau minérale80 gPhase BHuile essentielle Thym à linalol BIO1 gActif Acide salicylique végétal3 gActif Urée9 gConservateur Cosgard0,6 g","Préparation : 20  min","Conservation : ~3 mois","Niveau : Débutant","Adoucissant"
"1768696554-83","https://www.aroma-zone.com/recipes/recipe-list","https://www.aroma-zone.com/recipe/lotion-visage-anti-age-et-hydratante-pour-masque-en-tissu","Lotion visage anti-âge et hydratante pour masque en tissu","Pour 1 masque  Eau minérale8 mlActif Acide hyaluronique naturel3 cuillères 0.05 mlHuile de Sésame BIO1 cuillère 2 ml","Préparation : 15  min","Conservation : A utiliser de suite*","Niveau : Débutant","Adoucissant"
"1768696583-84","https://www.aroma-zone.com/recipes/recipe-list","https://www.aroma-zone.com/recipe/gommage-effet-glacon-cristaux-de-sel-menthol","Gommage ""effet glaçon"" Cristaux de Sel & Menthol","~100 ml  Phase A Caprylis - Emollient49 gFragrance naturelle Aqua'zen1 gPhase BGélisucre BIO - émulsifiant25 gPhase CMica Vert océan0.1 g soit 1 cuillère DASHSel d'Epsom20 gActif Menthol en cristaux BIO5 g","Préparation : 30  min","Conservation : ~6 mois*","Niveau : Confirmé","Exfoliant"
"1768696609-85","https://www.aroma-zone.com/recipes/recipe-list","https://www.aroma-zone.com/recipe/serum-jolies-boucles-guimauve-piqui","Sérum Jolies boucles guimauve & piqui","~ 50 ml  Phase A Eau minérale15 gGuimauve en poudre3.5 gPhase BGel natif d'Aloe Vera BIO26.5 gHuile de Piqui BIO4.6 gConservateur Cosgard0.5 g","Préparation : 10  min","Conservation : ~1 mois au réfrigérateur*","Niveau : Débutant","Conditionneur capillaire"
"1768696639-86","https://www.aroma-zone.com/recipes/recipe-list","https://www.aroma-zone.com/recipe/savon-purifiant-nickel-chrome","Savon ""nickel chrome"" au citron","~50 g Base de Savon Melt & Pour à l'Aloe vera BIO63 gFragrance naturelle Citron meringué1.6 g soit 67 gouttesArôme alimentaire naturel Noix de coco0.7 g soit 24 gouttesPoudre de Curcuma BIO0,06 g soit 2 cuillères DROPColorant Empâtage blanc0,42 g soit 1 cuillère PINCH","Préparation : 20  min","Conservation : ~3 mois *","Niveau : Débutant","Nutritif"
"1768696671-87","https://www.aroma-zone.com/recipes/recipe-list","https://www.aroma-zone.com/recipe/galets-fondants-de-massage-energetique-kunzea-fragonia","Galets fondants de massage énergétique kunzea & fragonia","~50 ml Beurre de Sal BIO22.5 gHuile végétale Carthame BIO Linoléique20.2 gHuile essentielle Kunzea1.4 gHuile essentielle Fragonia0.9 g","Préparation : 25  min","Conservation : ~3 mois *","Niveau : Débutant","Peaux normales"
"1768696701-88","https://www.aroma-zone.com/recipes/recipe-list","https://www.aroma-zone.com/recipe/boules-de-noel-orange-cannelle-et-sucre-dorge","Savons Boules de Noël : Orange Cannelle et Sucre d'orge","~2 x 80 g Première étape : réalisation de la boule Sucre d'orge :Base de Savon Melt & Pour à l'Aloe vera BIO80 gFragrance naturelle Sweet candy4 gPhase BColorant naturel Rouge Baiser0,1 g soit 3 gouttesPhase CPaillettes naturelles0,1 g soit 1 cuillère DASHDeuxième étape : réalisation de la boule Orange & Cannelle:Base de Savon Melt & Pour à l'Aloe vera BIO80 gHuile de Buriti4 gPhase EHuile essentielle Orange douce4 gHuile essentielle Cannelle de Ceylan écorce BIO0.04 g soit 2 gouttesPhase FPaillettes naturelles0.1 g soit 1 cuillère DASH","Préparation : 25  min","Conservation : ~6 mois *","Niveau : Débutant","Apaisant"
"1768696731-89","https://www.aroma-zone.com/recipes/recipe-list","https://www.aroma-zone.com/recipe/huile-de-douche-peaux-seches-et-delicates","Huile de douche peaux sèches et délicates","~100 ml Huile de Coco BIO36.8 gHuile de Son riz BIO27.6 gHuile de Coton BIO9.1 gTensioactif pour huiles rinçables20 gFragrance naturelle Baby Doll2 g soit 61 gouttesAntioxydant Vitamine E naturelle0.2 g soit 7 gouttes","Préparation : 10  min","Conservation : ~6 mois*","Niveau : Débutant","Nutritif"
"1768696762-90","https://www.aroma-zone.com/recipes/recipe-list","https://www.aroma-zone.com/recipe/gel-douche-douceur-la-provitamine-b5-apaisante","Gel douche douceur à la provitamine B5 apaisante","~ 250 ml Base lavante neutre sans palme250 mlActif Provitamine B5 (Panthénol)7 mlActif cosmétique Skin repair4,35 g","Préparation : 10  min","Conservation : ~3 mois","Niveau : Débutant","Apaisant"
"1768696793-91","https://www.aroma-zone.com/recipes/recipe-list","https://www.aroma-zone.com/recipe/diffusion-purifiante-energie","Diffusion ""purifiante énergie""","~ 5 mlHuile essentielle Bergamote de Calabre BIO2 ml (soit 70 gouttes)Huile essentielle Orange douce BIO2 ml (soit 70 gouttes)Huile essentielle Palo Santo1 ml (soit 35 gouttes)","Préparation : 5  min","Conservation : ~6 mois","Niveau : Débutant",""
"1768696821-92","https://www.aroma-zone.com/recipes/recipe-list","https://www.aroma-zone.com/recipe/serum-hydratant-et-apaisant-pour-le-corps","Emul’gel hydratation intense pour le corps","~100 ml Gel natif d'Aloe Vera BIO70 mlHuile de Melon d'eau du Kalahari20 mlGélisucre BIO - émulsifiant8 mlActif Complexe Hydratation Intense3 mlFragrance naturelle Aqua'zen2 ml","Préparation : 10  min","Conservation : ~3 mois* au réfrigérateur","Niveau : Débutant","Fraîcheur"
"1768696851-93","https://www.aroma-zone.com/recipes/recipe-list","https://www.aroma-zone.com/recipe/base-neutre-d-eye-liner","Base neutre d’eye-liner","~7 ml   Eau minérale4.8 gHydrolat de Bleuet BIO0.9 gOxyde de votre choix (oxyde noir, Oxyde bleu, ...) 1.6 gGomme Guar BIO0.06 g soit 1 cuillère SMIDGEN Conservateur Extrait pépins de pamplemousse0.05 g soit 2 gouttes","Préparation : 10  min","Conservation : ~2 mois *","Niveau : Avancé","Maquillage"
"1768696883-94","https://www.aroma-zone.com/recipes/recipe-list","https://www.aroma-zone.com/recipe/creme-visage-anti-age-ledelweiss-et-au-co-enzyme-q10","Crème visage jeunesse à l'Edelweiss et au Co-enzyme Q10","~50 ml Phase A Huile d'Abricot BIO13.8 gOlivem 1000 - émulsifiant3.2 gEau aromatique de Jasmin sambac30 gPhase BExtrait d'Edelweiss BIO0.9 gActif Coenzyme Q100.9 gArôme naturel Abricot0.9 gConservateur Extrait pépins de pamplemousse0.3 g","Préparation : 25  min","Conservation : ~1 mois*","Niveau : Avancé","Adoucissant"
"1768696911-95","https://www.aroma-zone.com/recipes/recipe-list","https://www.aroma-zone.com/recipe/roll-yeux-anti-cernes-anti-poches","Roll-on yeux anti-cernes anti-poches","~ 15 ml   Phase A Eau minérale15 mlActif Caféine naturelle1 cuillère DASHPhase BGomme Xanthane1 cuillère SMIDGENPhase CHuile de Calophylle inophyle BIO1 mlGélisucre BIO - émulsifiant0.5 mlActif Poudre de lumière1 cuillère PINCHConservateur Leucidal16 gouttes","Préparation : 15  min","Conservation : ~3 mois *","Niveau : Débutant","Tous types de peaux"
"1768696942-96","https://www.aroma-zone.com/recipes/recipe-list","https://www.aroma-zone.com/recipe/gel-nettoyant-visage-peau-nette","Gel nettoyant visage peau nette","~100 ml Phase A Actif Complexe Hydratation Intense53 gouttesHuile essentielle Pamplemousse BIO17 gouttesPhase BBase lavante neutre sans palme100 ml","Préparation : 10  min","Conservation : ~3 mois*","Niveau : Débutant","Hydratant"
"1768696973-97","https://www.aroma-zone.com/recipes/recipe-list","https://www.aroma-zone.com/recipe/composition-diffuser-perseverance-volonte-au-basilic","Composition à diffuser ""persévérance & volonté"" au basilic","Pour un flacon ~ 10 ml Huile essentielle Basilic sacré BIO1.1 gHuile essentielle Bois de Siam1 gHuile essentielle Citron de Sicile3.8 gHuile essentielle Epinette noire BIO2.7 gHuile essentielle Litsée citronnée BIO0.5 g","Préparation : 5  min","Conservation : ~3 mois *","Niveau : Débutant","Tous types de peaux"
"1768697001-98","https://www.aroma-zone.com/recipes/recipe-list","https://www.aroma-zone.com/recipe/creme-douceur-peaux-tiraillees-camomille-miel","Crème douceur peaux tiraillées camomille","~100 ml Phase A Olivem 1000 - émulsifiant8 gHuile de Son riz BIO18.4 gEau minérale70 gPhase BFragrance naturelle Bee happy1.5 g soit 50 gouttesHuile essentielle Camomille romaine France BIO0.1 g soit 3 gouttesConservateur Cosgard0.6 g soit 22 gouttes","Préparation : 20  min","Conservation : ~ 3 mois","Niveau : Débutant","Apaisant"
"1768697032-99","https://www.aroma-zone.com/recipes/recipe-list","https://www.aroma-zone.com/recipe/huile-demaquillante-amande-douce-vanille","Huile démaquillante Amande douce & vanille","~100 ml Base micellaire concentrée12.8 gCaprylis - Emollient47.5 gHuile d'Amande douce BIO18.4 gHuile de Vanille BIO (macérât huileux)18.4 g","Préparation : 10  min","Conservation : ~6 mois","Niveau : Débutant","Adoucissant"
"1768697063-100","https://www.aroma-zone.com/recipes/recipe-list","https://www.aroma-zone.com/recipe/mousse-legere-craquante-visage-framboise-cassis","Mousse légère craquante visage framboise & cassis","~50 ml Phase A Huile de Framboise9.2 gAcide stéarique - Agent de texture1.1 gCire émulsifiante n°22.2 gPhase BEau minérale25 gHydrolat de Cassis BIO6 gPhase CColorant naturel Jus de Betterave BIO0.1 gConservateur Extrait pépins de pamplemousse0.25 g","Préparation : 35  min","Conservation : ~1 mois*","Niveau : Avancé","Hydratant"
"1768697091-101","https://www.aroma-zone.com/recipes/recipe-list","https://www.aroma-zone.com/recipe/serum-2-en-1-anti-age-tenseur-immediat","Sérum 2 en 1 anti-âge tenseur immédiat","~ 30 mlSérum concentré d'Acide hyaluronique 3,5%30 mlActif Natur'lift1.5 cuillère 0.5 mlHuile essentielle Bois de Hô BIO1 goutte","Préparation : 5  min","Conservation : ~1 mois*","Niveau : Débutant","Anti-âge"
"1768697122-102","https://www.aroma-zone.com/recipes/recipe-list","https://www.aroma-zone.com/recipe/huile-revitalisante-peaux-seches","Huile revitalisante peaux sèches","~30 ml Phase A Huile de soin Bourrache de France BIO1 flacon de 30 mlActif Concentré de phytostérols3 cuillères 0.5 mlPhase BHuile essentielle Lavande aspic BIO10 gouttes","Préparation : 5  min","Conservation : ~6 mois*","Niveau : Débutant","Nutritif"
"1768697151-103","https://www.aroma-zone.com/recipes/recipe-list","https://www.aroma-zone.com/recipe/serum-cheveux-et-pointes-lhuile-nutritive-davocat","Sérum cheveux et pointes à l'huile nutritive d'Avocat","~ 50 ml  Masque capillaire30 mlHuile d'Avocat BIO1.5 mlHuile essentielle Ylang-Ylang complète BIO2 gouttes","Préparation : 10  min","Conservation : ~3 mois","Niveau : Débutant","Nutritif"
"1768697186-104","https://www.aroma-zone.com/recipes/recipe-list","https://www.aroma-zone.com/recipe/gommage-en-gelee-peaux-delicates","Gommage en gelée peaux délicates à la rose musquée","~30 ml Gel natif d'Aloe Vera BIO30 mlExfoliant Rose musquée en poudre BIO3 pelles 2 mlActif cosmétique Skin repair0,6 gFragrance naturelle Sublime5 gouttes","Préparation : 10  min","Conservation : ~1 mois au réfrigérateur","Niveau : Débutant","Exfoliant"
"1768697211-105","https://www.aroma-zone.com/recipes/recipe-list","https://www.aroma-zone.com/recipe/lhuile-du-sportif-preparation-recuperation","L'huile de massage du sportif","~100 ml  Huile de Moutarde BIO27.6 gHuile d'Arnica BIO (macérât huileux)64.4 gHuile essentielle Gaulthérie couchée1.8 gHuile essentielle de Baume de Copahu BIO1.8 gHuile essentielle Romarin à  camphre BIO0.3 g","Préparation : 10  min","Conservation : ~6 mois","Niveau : Débutant",""
"1768697241-106","https://www.aroma-zone.com/recipes/recipe-list","https://www.aroma-zone.com/recipe/shampooing-solide-demelant-brillance","Shampoing solide démêlant & brillance","~ 90 g  Phase A Tensioactif SCI21.5 gPâte à mousse16.3 gConditionneur végétal2.3 gVinaigre de Grenade BIO naturel24 gPhase BFragrance naturelle Cerise exquise1.4 g soit 52 gouttesPoudre d'Hibiscus BIO25 g","Préparation : 20  min","Conservation : ~6 mois*","Niveau : Débutant","Adoucissant"
"1768697271-107","https://www.aroma-zone.com/recipes/recipe-list","https://www.aroma-zone.com/recipe/boules-effervescentes-pour-sauna-facial","Boules effervescentes pour sauna facial","3 petites boulesBicarbonate de Soude (bicarbonate de sodium)65 gAcide citrique35 gHuile essentielle Tea tree (Arbre à Thé BIO)0.15 g soit 5 gouttesHuile essentielle Petitgrain Bigarade BIO0.35 g soit 13 gouttesEau minérale1 g","Préparation : 20  min","Conservation : ~6 mois*","Niveau : Avancé","Purifiant"
"1768697301-108","https://www.aroma-zone.com/recipes/recipe-list","https://www.aroma-zone.com/recipe/recette-parfum-oriental-pour-femme","Recette parfum oriental","~30 ml Base Parfum (alcool 90°)19.7 gFragrance naturelle Délices d'Orient2 gFragrance naturelle Fleurs d'oranger1.9 gFragrance naturelle Trésor ambré1.7 g","Préparation : 10  min","Conservation : ~6 mois*","Niveau : Débutant","Parfumant"
"1768697331-109","https://www.aroma-zone.com/recipes/recipe-list","https://www.aroma-zone.com/recipe/mon-parfum-poudre","Mon parfum poudré","~50 ml Base Parfum (alcool 90°)48 mlFragrance naturelle Baby Doll2.5 ml soit 87 gouttes","Préparation : 10  min","Conservation : ~6 mois*","Niveau : Débutant","Parfumant"
"1768697361-110","https://www.aroma-zone.com/recipes/recipe-list","https://www.aroma-zone.com/recipe/masque-avant-shampooing-detoxifiant-et-purifiant-au-neem","Masque avant-shampoing détoxifiant et purifiant au neem","Pour 1 masque  Poudre de Neem BIO3 cuillères à soupeHuile de Chaulmoogra1 cuillère à soupeHuile essentielle Palmarosa BIO10 gouttesEau minérale6 cuillères à soupe","Préparation : 5  min","Conservation : A utiliser tout de suite*","Niveau : Débutant","Beauté capillaire"
"1768697393-111","https://www.aroma-zone.com/recipes/recipe-list","https://www.aroma-zone.com/recipe/exfoliant-corps-pre-epilation","Exfoliant corps pré-épilation","~100 ml Crème à tout faire98 gExfoliant Poudre noyaux d'abricot BIO5.4 gActif AHA - acides de fruits5.4 gHuile essentielle Romarin à verbénone de Corse BIO0.2 g soit 6 gouttes","Préparation : 10  min","Conservation : ~3 mois*","Niveau : Débutant","Exfoliant"
"1768697423-112","https://www.aroma-zone.com/recipes/recipe-list","https://www.aroma-zone.com/recipe/huile-seche-reparatrice-post-epilatoire-au-menthol","Huile sèche post-épilatoire au menthol","~100 ml  Actif Menthol en cristaux BIO4.5 gCaprylis - Emollient80 gActif Squalane végétal d'Olive10 gActif Bisabolol BIO0.4 g soit 15 gouttes","Préparation : 10  min","Conservation : ~6 mois*","Niveau : Débutant","Apaisant"
"1768697451-113","https://www.aroma-zone.com/recipes/recipe-list","https://www.aroma-zone.com/recipe/eau-de-soin-jeunesse","Eau de soin jeunesse","~ 30 mlHydrolat de Rose de Damas BIO10 mlHydrolat d'Encens sauvage15 mlHydrolat de Ciste ladanifère BIO5 mlConservateur Cosgard6 gouttes","Préparation : 5  min","Conservation : ~3 mois*","Niveau : Débutant","Anti-âge"
"1768697483-114","https://www.aroma-zone.com/recipes/recipe-list","https://www.aroma-zone.com/recipe/huile-seche-cerise-gourmande","Huile sèche cerise gourmande","~70 mlHuile de Cerise BIO13 gCaprylis - Emollient39.3 gDry Touch - Agent de toucher9.8 gFragrance naturelle Cerise exquise2.6 gColorant naturel Rouge grenadine0.3 g","Préparation : 10  min","Conservation : ~6 mois","Niveau : Débutant","Adoucissant"
"1768697511-115","https://www.aroma-zone.com/recipes/recipe-list","https://www.aroma-zone.com/recipe/lotion-micellaire","Lotion micellaire","~50 ml Base micellaire concentrée5 mlHydrolat de Verveine odorante BIO45 mlConservateur Cosgard10 gouttes","Préparation : 5  min","Conservation : ~3 mois*","Niveau : Débutant","Fraîcheur"
"1768697543-116","https://www.aroma-zone.com/recipes/recipe-list","https://www.aroma-zone.com/recipe/huile-de-massage-bien-etre-relaxation","Huile de massage « bien-être & relaxation »","~60 mlHuile de Dattier du Désert BIO46 gHuile de Calendula BIO (macérât huileux)9.2 gHuile essentielle Orange douce0.7 g soit 30 gouttesHuile essentielle Rosalina0.4 g soit 15 gouttes Huile essentielle de Baume de Copahu BIO0.3 g soit 10 gouttes Antioxydant Vitamine E naturelle0.1 g soit 3 gouttes","Préparation : 15  min","Conservation : ~6 mois *","Niveau : Débutant","Adoucissant"
"1768697573-117","https://www.aroma-zone.com/recipes/recipe-list","https://www.aroma-zone.com/recipe/exfoliant-visage-la-rose","Exfoliant visage à la rose","~ 15 mlExfoliant Rose musquée en poudre BIO1 cuillère 2 mlPoudre de Rose de Damas5 cuillères 2 mlHuile essentielle Géranium Egypte BIO2 gouttes","Préparation : 10  min","Conservation : ~6 mois*","Niveau : Débutant","Adoucissant"
"1768697601-118","https://www.aroma-zone.com/recipes/recipe-list","https://www.aroma-zone.com/recipe/savon-rocher-coco","Savon Coco des îles","~2x50 gPhase A Base de Savon Melt & Pour à l'Aloe vera BIO82 gPhase BPulpe de Noix de Coco râpée5 gHuile de Coco BIO10 gFragrance naturelle Délice de Coco3 gColorant Empâtage blanc2 cuillères PINCH et 1 cuillère DROP","Préparation : 10  min","Conservation : ~6 mois *","Niveau : Débutant","Tous types de peaux"
"1768697631-119","https://www.aroma-zone.com/recipes/recipe-list","https://www.aroma-zone.com/recipe/shampooing-sec-aux-argiles-purifiantes","Shampoing sec aux argiles purifiantes","~ 140 mlPoudre d'Amidon de Maïs BIO56 gArgile verte illite surfine20 gArgile montmorillonite verte surfine (smectite)12 gHuile essentielle Tea tree (Arbre à Thé)0.25 g","Préparation : 10  min","Conservation : ~6 mois","Niveau : Débutant","Purifiant"
"1768697661-120","https://www.aroma-zone.com/recipes/recipe-list","https://www.aroma-zone.com/recipe/apres-shampooing-demelant-la-guimauve","Après-shampoing démêlant à la guimauve","Pour 1 masque  Guimauve en poudre3 cuillères à soupePoudre de Kapoor Kachli1 cuillère à soupeActif Lait de coco en poudre BIO1 cuillère à soupeEau4 cuillères à soupe","Préparation : 5  min","Conservation : A utiliser tout de suite*","Niveau : Débutant","Beauté capillaire"
"1768697692-121","https://www.aroma-zone.com/recipes/recipe-list","https://www.aroma-zone.com/recipe/shampooing-solide-coco-menthe-citron-vert","Shampoing solide coco, menthe & citron vert","~80 gPhase A Tensioactif SCI50 gEau minérale17 gPhase BHuile de Coco BIO3.7 gHuile essentielle Citron vert BIO0.8 gHuile essentielle Menthe verte BIO0.4 g","Préparation : 25  min","Conservation : ~6 mois*","Niveau : Débutant","Adoucissant"
"1768697723-122","https://www.aroma-zone.com/recipes/recipe-list","https://www.aroma-zone.com/recipe/serum-visage-lissant-lacide-glycolique","Recette sérum visage lissant à l'acide glycolique","~30 ml Sérum concentré Acide glycolique 10% & AHA30 mlHuile essentielle Lavande aspic BIO1 goutte","Préparation : 5  min","Conservation : ~3 mois*","Niveau : Débutant","Anti-âge"
"1768697752-123","https://www.aroma-zone.com/recipes/recipe-list","https://www.aroma-zone.com/recipe/shampooing-sec-slow-prele-fortifiante","Shampoing sec slow ""Prêle fortifiante""","~140 mlPoudre d'Amidon de Maïs BIO63 gArgile verte illite surfine18 gPrêle BIO en poudre9 gHuile essentielle Menthe verte BIO0.2 g","Préparation : 10  min","Conservation : ~6 mois","Niveau : Débutant","Fortifiant capillaire"
"1768697783-124","https://www.aroma-zone.com/recipes/recipe-list","https://www.aroma-zone.com/recipe/shampooing-solide-citron-moringa","Shampoing solide citron & moringa","~ 95 gPhase A Tensioactif SCI50 gEau minérale30 gPhase BHuile de Moringa BIO vierge9.1 gMoringa BIO en poudre5 gHuile essentielle Citron sans furocoumarines de Sicile BIO1.7 g","Préparation : 20  min","Conservation : ~6 mois*","Niveau : Débutant","Adoucissant"
"1768697812-125","https://www.aroma-zone.com/recipes/recipe-list","https://www.aroma-zone.com/recipe/roll-de-massage-detente-pour-la-nuque","Roll-on de massage détente pour la nuque","~ 30 mlHuile d'Amande douce BIO25,8 gHuile essentielle Romarin à  camphre BIO0,5 g soit 18 gouttesHuile essentielle Eucalyptus citronné BIO0,1 g soit 3 gouttesHuile essentielle Litsée citronnée BIO0,03 g soit 1 goutteHuile essentielle Lavandin grosso de Provence BIO0,7 g soit 28 gouttes","Préparation : 10  min","Conservation : ~6 mois","Niveau : Débutant",""
"1768697842-126","https://www.aroma-zone.com/recipes/recipe-list","https://www.aroma-zone.com/recipe/shampooing-doux-pour-cheveux-blonds-camomille-et-curcuma","Shampoing doux pour cheveux blonds - camomille et curcuma","~ 250 ml  Phase A - Première partie : Réalisation du macérât aqueux de CurcumaPoudre de Curcuma BIO15 gHydrolat de Camomille romaine BIO135 gPhase B, C et D - Deuxième partie : Réalisation du shampoing	Tensioactif Base Consistance sans palme33.4 gTensioactif Mousse de Sucre sans palme26.7 gPhase CMacérât aqueux de Curcuma à 10% (réalisé en phase A)61.3 gConditioner Emulsifier - Emulsifiant6 gAcide lactique4.7 gPhase DHuile essentielle Bergamote de Calabre BIO1.3 g soit 43 gouttesConservateur Extrait pépins de pamplemousse0.8 g soit 26 gouttes","Préparation : 25  min","Conservation : ~1 mois*","Niveau : Avancé","Colorant capillaire"
"1768697872-127","https://www.aroma-zone.com/recipes/recipe-list","https://www.aroma-zone.com/recipe/pomme-granny-effervescente-pour-le-bain","Boule effervescente à la pomme granny","~ 150 g Phase A - Partie 1 : Boule effervescenteBicarbonate de Soude (bicarbonate de sodium)84 gAcide citrique42 gFragrance naturelle Pomme d'Happy3.9 gOxyde minéral vert0.4 gEau minérale1 gPhase B - Partie 2 : Crème chantillyPâte à mousse5.9 gEau minérale7 gPoudre d'Amidon de Maïs BIO11 g","Préparation : 25  min","Conservation : ~6 mois*","Niveau : Avancé",""
"1768697903-128","https://www.aroma-zone.com/recipes/recipe-list","https://www.aroma-zone.com/recipe/serum-de-nuit-relipidant-lhuile-de-prune","Sérum de nuit relipidant à l'huile de prune","~30 ml Huile de Prune Gascogne BIO1 flacon de 30 mlActif Squalane végétal d'Olive49 gouttesActif Bisabolol BIO5 gouttes","Préparation : 5  min","Conservation : ~6 mois*","Niveau : Débutant","Anti-âge"
"1768697940-129","https://www.aroma-zone.com/recipes/recipe-list","https://www.aroma-zone.com/recipe/creme-de-rasage-pour-dames-messieurs","Crème de rasage pour dames & messieurs","~50 ml Phase A Beurre de Karité Nilotica brut11 gCoco silicone - Emollient8.2 gCire émulsifiante Olive Douceur5.4 gPhase BEau minérale 25 gGlycérine végétale - Emollient2.9 gPhase CActif Bisabolol BIO0.25 g soit 9 gouttesAbsolue de Benjoin de Siam0.3 g soit 12 gouttesHuile essentielle Myrrhe de Somalie0.3 g soit 12 gouttesOxyde minéral vert0.03 g soit 1.5 cuillère DROPAntioxydant Vitamine E naturelle0.08 g soit 7 gouttesConservateur Naticide0.3 g soit 10 gouttes","Préparation : 25  min","Conservation : ~3 mois *","Niveau : Avancé","Fraîcheur"
"1768697962-130","https://www.aroma-zone.com/recipes/recipe-list","https://www.aroma-zone.com/recipe/cristaux-de-sel-pour-bain-de-douceur","Cristaux de sel pour bain de douceur","~ 30 gSel rose de l'Himalaya30 gFragrance naturelle Pétales de Rose0.9 gFragrance naturelle Fleur de Coton0.9 g","Préparation : 5  min","Conservation : ~3 mois","Niveau : Débutant","Adoucissant"
"1768697996-131","https://www.aroma-zone.com/recipes/recipe-list","https://www.aroma-zone.com/recipe/huile-precieuse-visage-anti-age-figue-de-barbari-acide-hyaluronique","Huile précieuse visage anti-âge Figue de Barbarie & Acide hyaluronique","~10 ml  Huile de Figue de Barbarie BIO4,5 gHuile de Camélia BIO4,5 gActif cosmétique Acide hyaluronique liposoluble0,1 g (soit 3 cuillères DROP)","Préparation : 10  min","Conservation : ~6 mois","Niveau : Débutant","Anti-âge"
